test,material,density,dr,penetrator,rn,d,rpm,vr,vv,vt,rs,depth,container,b_c,bc_d_ratio,group_name,group,subgroup
1,Ottawa F65,loose,33,decagon,0.0839,25,0,0,0.01,0.01,0,8D,1,400,16,F65-L-Deca-8D-C1,1,1
2,Ottawa F65,loose,33,decagon,0.0839,25,6.6,0.009,0.005,0.01,1.7,8D,1,400,16,F65-L-Deca-8D-C1,1,1
3,Ottawa F65,loose,33,decagon,0.0839,25,7.6,0.01,0.001,0.01,10,8D,1,400,16,F65-L-Deca-8D-C1,1,1
4,Ottawa F65,loose,33,decagon,0.0839,25,0,0,0.02,0.02,0,8D,1,400,16,F65-L-Deca-8D-C1,1,2
5,Ottawa F65,loose,33,decagon,0.0839,25,10.1,0.013,0.015,0.02,0.9,8D,1,400,16,F65-L-Deca-8D-C1,1,2
6,Ottawa F65,loose,33,decagon,0.0839,25,14.8,0.019,0.005,0.02,3.9,8D,1,400,16,F65-L-Deca-8D-C1,1,2
7,Ottawa F65,loose,33,decagon,0.0839,25,15.3,0.02,0.001,0.02,20,8D,1,400,16,F65-L-Deca-8D-C1,1,2
8,Ottawa F65,loose,33,decagon,0.0839,25,0,0,0.04,0.04,0,8D,1,400,16,F65-L-Deca-8D-C1,1,3
9,Ottawa F65,loose,33,decagon,0.0839,25,20.2,0.026,0.03,0.04,0.9,8D,1,400,16,F65-L-Deca-8D-C1,1,3
10,Ottawa F65,loose,33,decagon,0.0839,25,26.5,0.035,0.02,0.04,1.7,8D,1,400,16,F65-L-Deca-8D-C1,1,3
11,Ottawa F65,loose,33,decagon,0.0839,25,29.6,0.039,0.01,0.04,3.9,8D,1,400,16,F65-L-Deca-8D-C1,1,3
12,Ottawa F65,loose,33,decagon,0.0839,25,30.6,0.04,0.001,0.04,40,8D,1,400,16,F65-L-Deca-8D-C1,1,3
13,Ottawa F65,loose,33,decagon,0.0839,25,0,0,0.08,0.08,0,8D,1,400,16,F65-L-Deca-8D-C1,1,4
14,Ottawa F65,loose,33,decagon,0.0839,25,29.6,0.039,0.07,0.08,0.6,8D,1,400,16,F65-L-Deca-8D-C1,1,4
15,Ottawa F65,loose,33,decagon,0.0839,25,47.7,0.062,0.05,0.08,1.3,8D,1,400,16,F65-L-Deca-8D-C1,1,4
16,Ottawa F65,loose,33,decagon,0.0839,25,56.7,0.074,0.03,0.08,2.5,8D,1,400,16,F65-L-Deca-8D-C1,1,4
17,Ottawa F65,loose,33,decagon,0.0839,25,60.6,0.079,0.01,0.08,7.9,8D,1,400,16,F65-L-Deca-8D-C1,1,4
18,Ottawa F65,loose,33,decagon,0.0839,25,61.1,0.08,0.001,0.08,80,8D,1,400,16,F65-L-Deca-8D-C1,1,4
19,Ottawa F65,loose,33,decagon,0.0839,25,0,0,0.1,0.1,0,8D,1,400,16,F65-L-Deca-8D-C1,1,5
20,Ottawa F65,loose,33,decagon,0.0839,25,45.8,0.06,0.08,0.1,0.8,8D,1,400,16,F65-L-Deca-8D-C1,1,5
21,Ottawa F65,loose,33,decagon,0.0839,25,66.2,0.087,0.05,0.1,1.7,8D,1,400,16,F65-L-Deca-8D-C1,1,5
22,Ottawa F65,loose,33,decagon,0.0839,25,72.9,0.095,0.03,0.1,3.2,8D,1,400,16,F65-L-Deca-8D-C1,1,5
23,Ottawa F65,loose,33,decagon,0.0839,25,76,0.099,0.01,0.1,10,8D,1,400,16,F65-L-Deca-8D-C1,1,5
24,Ottawa F65,loose,33,decagon,0.0839,25,76.4,0.1,0.001,0.1,100,8D,1,400,16,F65-L-Deca-8D-C1,1,5
25,Glass beads,loose,37,decagon,0.0254,25,0,0,0.04,0.04,0,8D,2,280,11.2,GB-L-Deca-8D,2,6
26,Glass beads,loose,37,decagon,0.0254,25,14.8,0.019,0.035,0.04,0.6,8D,2,280,11.2,GB-L-Deca-8D,2,6
27,Glass beads,loose,37,decagon,0.0254,25,20.2,0.026,0.03,0.04,0.9,8D,2,280,11.2,GB-L-Deca-8D,2,6
28,Glass beads,loose,37,decagon,0.0254,25,26.5,0.035,0.02,0.04,1.7,8D,2,280,11.2,GB-L-Deca-8D,2,6
29,Glass beads,loose,37,decagon,0.0254,25,29.6,0.039,0.01,0.04,3.9,8D,2,280,11.2,GB-L-Deca-8D,2,6
30,Glass beads,loose,37,decagon,0.0254,25,30.6,0.04,0.001,0.04,40,8D,2,280,11.2,GB-L-Deca-8D,2,6
31,Glass beads,loose,37,decagon,0.0254,25,0,0,0.08,0.08,0,8D,2,280,11.2,GB-L-Deca-8D,2,7
32,Glass beads,loose,37,decagon,0.0254,25,29.6,0.039,0.07,0.08,0.6,8D,2,280,11.2,GB-L-Deca-8D,2,7
33,Glass beads,loose,37,decagon,0.0254,25,47.7,0.062,0.05,0.08,1.3,8D,2,280,11.2,GB-L-Deca-8D,2,7
34,Glass beads,loose,37,decagon,0.0254,25,56.7,0.074,0.03,0.08,2.5,8D,2,280,11.2,GB-L-Deca-8D,2,7
35,Glass beads,loose,37,decagon,0.0254,25,60.6,0.079,0.01,0.08,7.9,8D,2,280,11.2,GB-L-Deca-8D,2,7
36,Glass beads,loose,37,decagon,0.0254,25,61.1,0.08,0.001,0.08,80,8D,2,280,11.2,GB-L-Deca-8D,2,7
37,Glass beads,loose,37,decagon,0.0254,25,0,0,0.1,0.1,0,8D,2,280,11.2,GB-L-Deca-8D,2,8
38,Glass beads,loose,37,decagon,0.0254,25,45.8,0.06,0.08,0.1,0.8,8D,2,280,11.2,GB-L-Deca-8D,2,8
39,Glass beads,loose,37,decagon,0.0254,25,66.2,0.087,0.05,0.1,1.7,8D,2,280,11.2,GB-L-Deca-8D,2,8
40,Glass beads,loose,37,decagon,0.0254,25,72.9,0.095,0.03,0.1,3.2,8D,2,280,11.2,GB-L-Deca-8D,2,8
41,Glass beads,loose,37,decagon,0.0254,25,76,0.099,0.01,0.1,10,8D,2,280,11.2,GB-L-Deca-8D,2,8
42,Glass beads,loose,37,decagon,0.0254,25,76.4,0.1,0.001,0.1,100,8D,2,280,11.2,GB-L-Deca-8D,2,8
43,#16  sand,loose,35,decagon,0.3318,25,0,0,0.04,0.04,0,8D,2,280,11.2,SS-L-Deca-8D,3,9
44,#16  sand,loose,35,decagon,0.3318,25,20.2,0.026,0.03,0.04,0.9,8D,2,280,11.2,SS-L-Deca-8D,3,9
45,#16  sand,loose,35,decagon,0.3318,25,26.5,0.035,0.02,0.04,1.7,8D,2,280,11.2,SS-L-Deca-8D,3,9
46,#16  sand,loose,35,decagon,0.3318,25,29.6,0.039,0.01,0.04,3.8,8D,2,280,11.2,SS-L-Deca-8D,3,9
47,#16  sand,loose,35,decagon,0.3318,25,30.6,0.04,0.001,0.04,40,8D,2,280,11.2,SS-L-Deca-8D,3,9
48,#16  sand,loose,35,decagon,0.3318,25,0,0,0.08,0.08,0,8D,2,280,11.2,SS-L-Deca-8D,3,10
49,#16  sand,loose,35,decagon,0.3318,25,47.7,0.062,0.05,0.08,1.3,8D,2,280,11.2,SS-L-Deca-8D,3,10
50,#16  sand,loose,35,decagon,0.3318,25,56.7,0.074,0.03,0.08,2.5,8D,2,280,11.2,SS-L-Deca-8D,3,10
51,#16  sand,loose,35,decagon,0.3318,25,60.6,0.079,0.01,0.08,7.9,8D,2,280,11.2,SS-L-Deca-8D,3,10
52,#16  sand,loose,35,decagon,0.3318,25,61.1,0.08,0.001,0.08,80,8D,2,280,11.2,SS-L-Deca-8D,3,10
53,#16  sand,loose,35,decagon,0.3318,25,0,0,0.1,0.1,0,8D,2,280,11.2,SS-L-Deca-8D,3,11
54,#16  sand,loose,35,decagon,0.3318,25,66.2,0.087,0.05,0.1,1.7,8D,2,280,11.2,SS-L-Deca-8D,3,11
55,#16  sand,loose,35,decagon,0.3318,25,76,0.099,0.01,0.1,10,8D,2,280,11.2,SS-L-Deca-8D,3,11
56,#16  sand,loose,35,decagon,0.3318,25,76.4,0.1,0.001,0.1,100,8D,2,280,11.2,SS-L-Deca-8D,3,11
57,Glass beads,loose,37,flat-end,0.0254,25,0,0,0.04,0.04,0,8D,2,280,11.2,GB-L-Flat-8D,4,12
58,Glass beads,loose,37,flat-end,0.0254,25,29.6,0.039,0.01,0.04,3.9,8D,2,280,11.2,GB-L-Flat-8D,4,12
59,Glass beads,loose,37,flat-end,0.0254,25,30.3,0.04,0.005,0.04,7.9,8D,2,280,11.2,GB-L-Flat-8D,4,12
60,Glass beads,loose,37,flat-end,0.0254,25,30.6,0.04,0.001,0.04,40,8D,2,280,11.2,GB-L-Flat-8D,4,12
61,Glass beads,loose,37,flat-end,0.0254,25,0,0,0.08,0.08,0,8D,2,280,11.2,GB-L-Flat-8D,4,13
62,Glass beads,loose,37,flat-end,0.0254,25,56.7,0.074,0.03,0.08,2.5,8D,2,280,11.2,GB-L-Flat-8D,4,13
63,Glass beads,loose,37,flat-end,0.0254,25,60.6,0.079,0.01,0.08,7.9,8D,2,280,11.2,GB-L-Flat-8D,4,13
64,Glass beads,loose,37,flat-end,0.0254,25,61.1,0.08,0.001,0.08,80,8D,2,280,11.2,GB-L-Flat-8D,4,13
65,Glass beads,loose,37,flat-end,0.0254,25,0,0,0.1,0.1,0,8D,2,280,11.2,GB-L-Flat-8D,4,14
66,Glass beads,loose,37,flat-end,0.0254,25,66.2,0.087,0.05,0.1,1.7,8D,2,280,11.2,GB-L-Flat-8D,4,14
67,Glass beads,loose,37,flat-end,0.0254,25,72.9,0.095,0.03,0.1,3.2,8D,2,280,11.2,GB-L-Flat-8D,4,14
68,Glass beads,loose,37,flat-end,0.0254,25,76,0.099,0.01,0.1,10,8D,2,280,11.2,GB-L-Flat-8D,4,14
69,Glass beads,loose,37,flat-end,0.0254,25,76.4,0.1,0.001,0.1,100,8D,2,280,11.2,GB-L-Flat-8D,4,14
70,Glass beads,loose,37,square,0.0254,25,0,0,0.04,0.04,0,8D,2,280,11.2,GB-L-Sq-8D,5,15
71,Glass beads,loose,37,square,0.0254,25,20.2,0.026,0.03,0.04,0.9,8D,2,280,11.2,GB-L-Sq-8D,5,15
72,Glass beads,loose,37,square,0.0254,25,26.5,0.035,0.02,0.04,1.7,8D,2,280,11.2,GB-L-Sq-8D,5,15
73,Glass beads,loose,37,square,0.0254,25,29.6,0.039,0.01,0.04,3.9,8D,2,280,11.2,GB-L-Sq-8D,5,15
74,Glass beads,loose,37,square,0.0254,25,30.6,0.04,0.001,0.04,40,8D,2,280,11.2,GB-L-Sq-8D,5,15
75,Glass beads,loose,37,square,0.0254,25,0,0,0.08,0.08,0,8D,2,280,11.2,GB-L-Sq-8D,5,16
76,Glass beads,loose,37,square,0.0254,25,29.6,0.039,0.07,0.08,0.6,8D,2,280,11.2,GB-L-Sq-8D,5,16
77,Glass beads,loose,37,square,0.0254,25,47.7,0.062,0.05,0.08,1.3,8D,2,280,11.2,GB-L-Sq-8D,5,16
78,Glass beads,loose,37,square,0.0254,25,56.7,0.074,0.03,0.08,2.5,8D,2,280,11.2,GB-L-Sq-8D,5,16
79,Glass beads,loose,37,square,0.0254,25,60.6,0.079,0.01,0.08,7.9,8D,2,280,11.2,GB-L-Sq-8D,5,16
80,Glass beads,loose,37,square,0.0254,25,61.1,0.08,0.001,0.08,80,8D,2,280,11.2,GB-L-Sq-8D,5,16
81,Glass beads,loose,37,square,0.0254,25,0,0,0.1,0.1,0,8D,2,280,11.2,GB-L-Sq-8D,5,17
82,Glass beads,loose,37,square,0.0254,25,45.8,0.06,0.08,0.1,0.8,8D,2,280,11.2,GB-L-Sq-8D,5,17
83,Glass beads,loose,37,square,0.0254,25,66.2,0.087,0.05,0.1,1.7,8D,2,280,11.2,GB-L-Sq-8D,5,17
84,Glass beads,loose,37,square,0.0254,25,72.9,0.095,0.03,0.1,3.2,8D,2,280,11.2,GB-L-Sq-8D,5,17
85,Glass beads,loose,37,square,0.0254,25,76,0.099,0.01,0.1,10,8D,2,280,11.2,GB-L-Sq-8D,5,17
86,Glass beads,loose,37,square,0.0254,25,76.4,0.1,0.001,0.1,100,8D,2,280,11.2,GB-L-Sq-8D,5,17
87,Glass beads,loose,37,circular,0.0254,25,0,0,0.04,0.04,0,8D,2,280,11.2,GB-L-Circ-8D,6,18
88,Glass beads,loose,37,circular,0.0254,25,20.2,0.026,0.03,0.04,0.9,8D,2,280,11.2,GB-L-Circ-8D,6,18
89,Glass beads,loose,37,circular,0.0254,25,26.5,0.035,0.02,0.04,1.7,8D,2,280,11.2,GB-L-Circ-8D,6,18
90,Glass beads,loose,37,circular,0.0254,25,29.6,0.039,0.01,0.04,3.9,8D,2,280,11.2,GB-L-Circ-8D,6,18
91,Glass beads,loose,37,circular,0.0254,25,30.6,0.04,0.001,0.04,40,8D,2,280,11.2,GB-L-Circ-8D,6,18
92,Glass beads,loose,37,circular,0.0254,25,0,0,0.08,0.08,0,8D,2,280,11.2,GB-L-Circ-8D,6,19
93,Glass beads,loose,37,circular,0.0254,25,29.6,0.039,0.07,0.08,0.6,8D,2,280,11.2,GB-L-Circ-8D,6,19
94,Glass beads,loose,37,circular,0.0254,25,47.7,0.062,0.05,0.08,1.3,8D,2,280,11.2,GB-L-Circ-8D,6,19
95,Glass beads,loose,37,circular,0.0254,25,56.7,0.074,0.03,0.08,2.5,8D,2,280,11.2,GB-L-Circ-8D,6,19
96,Glass beads,loose,37,circular,0.0254,25,60.6,0.079,0.01,0.08,7.9,8D,2,280,11.2,GB-L-Circ-8D,6,19
97,Glass beads,loose,37,circular,0.0254,25,61.1,0.08,0.001,0.08,80,8D,2,280,11.2,GB-L-Circ-8D,6,19
98,Glass beads,loose,37,circular,0.0254,25,0,0,0.1,0.1,0,8D,2,280,11.2,GB-L-Circ-8D,6,20
99,Glass beads,loose,37,circular,0.0254,25,45.8,0.06,0.08,0.1,0.8,8D,2,280,11.2,GB-L-Circ-8D,6,20
100,Glass beads,loose,37,circular,0.0254,25,66.2,0.087,0.05,0.1,1.7,8D,2,280,11.2,GB-L-Circ-8D,6,20
101,Glass beads,loose,37,circular,0.0254,25,72.9,0.095,0.03,0.1,3.2,8D,2,280,11.2,GB-L-Circ-8D,6,20
102,Glass beads,loose,37,circular,0.0254,25,76,0.099,0.01,0.1,10,8D,2,280,11.2,GB-L-Circ-8D,6,20
103,Glass beads,loose,37,circular,0.0254,25,76.4,0.1,0.001,0.1,100,8D,2,280,11.2,GB-L-Circ-8D,6,20
104,Glass beads,dense,87,circular,0.0254,25,0,0,0.04,0.04,0,8D,2,280,11.2,GB-D-Circ-8D,7,21
105,Glass beads,dense,87,circular,0.0254,25,20.2,0.026,0.03,0.04,0.9,8D,2,280,11.2,GB-D-Circ-8D,7,21
106,Glass beads,dense,87,circular,0.0254,25,26.5,0.035,0.02,0.04,1.7,8D,2,280,11.2,GB-D-Circ-8D,7,21
107,Glass beads,dense,87,circular,0.0254,25,29.6,0.039,0.01,0.04,3.9,8D,2,280,11.2,GB-D-Circ-8D,7,21
108,Glass beads,dense,87,circular,0.0254,25,30.6,0.04,0.001,0.04,40,8D,2,280,11.2,GB-D-Circ-8D,7,21
109,Glass beads,dense,87,circular,0.0254,25,0,0,0.08,0.08,0,8D,2,280,11.2,GB-D-Circ-8D,7,22
110,Glass beads,dense,87,circular,0.0254,25,29.6,0.039,0.07,0.08,0.6,8D,2,280,11.2,GB-D-Circ-8D,7,22
111,Glass beads,dense,87,circular,0.0254,25,47.7,0.062,0.05,0.08,1.3,8D,2,280,11.2,GB-D-Circ-8D,7,22
112,Glass beads,dense,87,circular,0.0254,25,56.7,0.074,0.03,0.08,2.5,8D,2,280,11.2,GB-D-Circ-8D,7,22
113,Glass beads,dense,87,circular,0.0254,25,60.6,0.079,0.01,0.08,7.9,8D,2,280,11.2,GB-D-Circ-8D,7,22
114,Glass beads,dense,87,circular,0.0254,25,61.1,0.08,0.001,0.08,80,8D,2,280,11.2,GB-D-Circ-8D,7,22
115,Glass beads,dense,87,circular,0.0254,25,0,0,0.1,0.1,0,8D,2,280,11.2,GB-D-Circ-8D,7,23
116,Glass beads,dense,87,circular,0.0254,25,66.2,0.087,0.05,0.1,1.7,8D,2,280,11.2,GB-D-Circ-8D,7,23
117,Glass beads,dense,87,circular,0.0254,25,72.9,0.095,0.03,0.1,3.2,8D,2,280,11.2,GB-D-Circ-8D,7,23
118,Glass beads,dense,87,circular,0.0254,25,76,0.099,0.01,0.1,10,8D,2,280,11.2,GB-D-Circ-8D,7,23
119,Glass beads,dense,87,circular,0.0254,25,76.4,0.1,0.001,0.1,100,8D,2,280,11.2,GB-D-Circ-8D,7,23
120,Ottawa F65,loose,33,decagon,0.0839,25,0,0,0.01,0.01,0,8D,2,280,11.2,F65-L-Deca-8D-C2,8,24
121,Ottawa F65,loose,33,decagon,0.0839,25,6.6,0.009,0.005,0.01,1.7,8D,2,280,11.2,F65-L-Deca-8D-C2,8,24
122,Ottawa F65,loose,33,decagon,0.0839,25,7.6,0.01,0.001,0.01,10,8D,2,280,11.2,F65-L-Deca-8D-C2,8,24
123,Ottawa F65,loose,33,decagon,0.0839,25,0,0,0.02,0.02,0,8D,2,280,11.2,F65-L-Deca-8D-C2,8,25
124,Ottawa F65,loose,33,decagon,0.0839,25,13.2,0.017,0.01,0.02,1.7,8D,2,280,11.2,F65-L-Deca-8D-C2,8,25
125,Ottawa F65,loose,33,decagon,0.0839,25,15.3,0.02,0.001,0.02,20,8D,2,280,11.2,F65-L-Deca-8D-C2,8,25
126,Ottawa F65,loose,33,decagon,0.0839,25,0,0,0.04,0.04,0,8D,2,280,11.2,F65-L-Deca-8D-C2,8,26
127,Ottawa F65,loose,33,decagon,0.0839,25,20.2,0.026,0.03,0.04,0.9,8D,2,280,11.2,F65-L-Deca-8D-C2,8,26
128,Ottawa F65,loose,33,decagon,0.0839,25,29.6,0.039,0.01,0.04,3.9,8D,2,280,11.2,F65-L-Deca-8D-C2,8,26
129,Ottawa F65,loose,33,decagon,0.0839,25,30.6,0.04,0.001,0.04,40,8D,2,280,11.2,F65-L-Deca-8D-C2,8,26
130,Ottawa F65,loose,33,flat-pla,0.0839,25,0,0,0.04,0.04,0,8D,2,280,11.2,F65-L-Flat-8D,9,27
131,Ottawa F65,loose,33,flat-pla,0.0839,25,29.6,0.039,0.01,0.04,3.9,8D,2,280,11.2,F65-L-Flat-8D,9,27
132,Ottawa F65,loose,33,flat-pla,0.0839,25,30.6,0.04,0.001,0.04,40,8D,2,280,11.2,F65-L-Flat-8D,9,27
133,Ottawa F65,loose,33,flat-pla,0.0839,25,0,0,0.08,0.08,0,8D,2,280,11.2,F65-L-Flat-8D,9,28
134,Ottawa F65,loose,33,flat-pla,0.0839,25,56.7,0.074,0.03,0.08,2.5,8D,2,280,11.2,F65-L-Flat-8D,9,28
135,Ottawa F65,loose,33,flat-pla,0.0839,25,60.6,0.079,0.01,0.08,7.9,8D,2,280,11.2,F65-L-Flat-8D,9,28
136,Ottawa F65,loose,33,flat-pla,0.0839,25,61.1,0.08,0.001,0.08,80,8D,2,280,11.2,F65-L-Flat-8D,9,28
137,Ottawa F65,loose,33,flat-pla,0.0839,25,0,0,0.1,0.1,0,8D,2,280,11.2,F65-L-Flat-8D,9,29
138,Ottawa F65,loose,33,flat-pla,0.0839,25,66.2,0.087,0.05,0.1,1.7,8D,2,280,11.2,F65-L-Flat-8D,9,29
139,Ottawa F65,loose,33,flat-pla,0.0839,25,76,0.099,0.01,0.1,10,8D,2,280,11.2,F65-L-Flat-8D,9,29
140,Ottawa F65,loose,33,flat-pla,0.0839,25,76.4,0.1,0.001,0.1,100,8D,2,280,11.2,F65-L-Flat-8D,9,29
141,Ottawa F65,dense,82,decagon,0.0839,25,0,0,0.01,0.01,0,8D,2,280,11.2,F65-D-Deca-8D,10,30
142,Ottawa F65,dense,82,decagon,0.0839,25,6.6,0.009,0.005,0.01,1.7,8D,2,280,11.2,F65-D-Deca-8D,10,30
143,Ottawa F65,dense,82,decagon,0.0839,25,7.6,0.01,0.001,0.01,10,8D,2,280,11.2,F65-D-Deca-8D,10,30
144,Ottawa F65,dense,82,decagon,0.0839,25,0,0,0.02,0.02,0,8D,2,280,11.2,F65-D-Deca-8D,10,31
145,Ottawa F65,dense,82,decagon,0.0839,25,13.2,0.017,0.01,0.02,1.7,8D,2,280,11.2,F65-D-Deca-8D,10,31
146,Ottawa F65,dense,82,decagon,0.0839,25,15.3,0.02,0.001,0.02,20,8D,2,280,11.2,F65-D-Deca-8D,10,31
147,Ottawa F65,dense,82,decagon,0.0839,25,0,0,0.04,0.04,0,8D,2,280,11.2,F65-D-Deca-8D,10,32
148,Ottawa F65,dense,82,decagon,0.0839,25,20.2,0.026,0.03,0.04,0.9,8D,2,280,11.2,F65-D-Deca-8D,10,32
149,Ottawa F65,dense,82,decagon,0.0839,25,29.6,0.039,0.01,0.04,3.9,8D,2,280,11.2,F65-D-Deca-8D,10,32
150,Ottawa F65,dense,82,decagon,0.0839,25,30.6,0.04,0.001,0.04,40,8D,2,280,11.2,F65-D-Deca-8D,10,32
151,Ottawa F65,loose,33,flat-pla,0.0839,16,0,0,0.01,0.01,0,25D,3,380,23.75,F65-L-Flat-25D-PLA,11,33
152,Ottawa F65,loose,33,flat-pla,0.0839,16,6.6,0.006,0.005,0.007,1.1,25D,3,380,23.75,F65-L-Flat-25D-PLA,11,33
153,Ottawa F65,loose,33,flat-pla,0.0839,16,7.6,0.006,0.001,0.006,6.4,25D,3,380,23.75,F65-L-Flat-25D-PLA,11,33
154,Ottawa F65,loose,33,flat-pla,0.0839,16,0,0,0.02,0.02,0,25D,3,380,23.75,F65-L-Flat-25D-PLA,11,34
155,Ottawa F65,loose,33,flat-pla,0.0839,16,13.2,0.011,0.01,0.015,1.1,25D,3,380,23.75,F65-L-Flat-25D-PLA,11,34
156,Ottawa F65,loose,33,flat-pla,0.0839,16,15.3,0.013,0.001,0.013,12.8,25D,3,380,23.75,F65-L-Flat-25D-PLA,11,34
157,Ottawa F65,loose,33,flat-pla,0.0839,16,0,0,0.04,0.04,0,25D,3,380,23.75,F65-L-Flat-25D-PLA,11,35
158,Ottawa F65,loose,33,flat-pla,0.0839,16,29.6,0.025,0.01,0.027,2.5,25D,3,380,23.75,F65-L-Flat-25D-PLA,11,35
159,Ottawa F65,loose,33,flat-pla,0.0839,16,30.6,0.026,0.001,0.026,25.6,25D,3,380,23.75,F65-L-Flat-25D-PLA,11,35
160,Ottawa F65,loose,33,circular,0.0839,16,0,0,0.01,0.01,0,25D,3,380,23.75,F65-L-Circ-25D-PLA,12,36
161,Ottawa F65,loose,33,circular,0.0839,16,6.6,0.006,0.005,0.007,1.1,25D,3,380,23.75,F65-L-Circ-25D-PLA,12,36
162,Ottawa F65,loose,33,circular,0.0839,16,7.6,0.006,0.001,0.006,6.4,25D,3,380,23.75,F65-L-Circ-25D-PLA,12,36
163,Ottawa F65,loose,33,circular,0.0839,16,0,0,0.02,0.02,0,25D,3,380,23.75,F65-L-Circ-25D-PLA,12,37
164,Ottawa F65,loose,33,circular,0.0839,16,13.2,0.011,0.01,0.015,1.1,25D,3,380,23.75,F65-L-Circ-25D-PLA,12,37
165,Ottawa F65,loose,33,circular,0.0839,16,15.3,0.013,0.001,0.013,12.8,25D,3,380,23.75,F65-L-Circ-25D-PLA,12,37
166,Ottawa F65,loose,33,circular,0.0839,16,0,0,0.04,0.04,0,25D,3,380,23.75,F65-L-Circ-25D-PLA,12,38
167,Ottawa F65,loose,33,circular,0.0839,16,29.6,0.025,0.01,0.027,2.5,25D,3,380,23.75,F65-L-Circ-25D-PLA,12,38
168,Ottawa F65,loose,33,circular,0.0839,16,30.6,0.026,0.001,0.026,25.6,25D,3,380,23.75,F65-L-Circ-25D-PLA,12,38
169,Ottawa F65,loose,33,flat-steel,0.0044,16,0,0,0.01,0.01,0,25D,3,380,23.75,F65-L-Flat-25D-Steel,13,39
170,Ottawa F65,loose,33,flat-steel,0.0044,16,7.6,0.006,0.001,0.006,6.4,25D,3,380,23.75,F65-L-Flat-25D-Steel,13,39
171,Ottawa F65,loose,33,flat-steel,0.0044,16,0,0,0.02,0.02,0,25D,3,380,23.75,F65-L-Flat-25D-Steel,13,40
172,Ottawa F65,loose,33,flat-steel,0.0044,16,15.3,0.013,0.001,0.013,12.8,25D,3,380,23.75,F65-L-Flat-25D-Steel,13,40
173,Ottawa F65,loose,33,flat-steel,0.0044,16,0,0,0.04,0.04,0,25D,3,380,23.75,F65-L-Flat-25D-Steel,13,41
174,Ottawa F65,loose,33,flat-steel,0.0044,16,29.6,0.025,0.01,0.027,2.5,25D,3,380,23.75,F65-L-Flat-25D-Steel,13,41
175,Ottawa F65,loose,33,flat-steel,0.0044,16,30.6,0.026,0.001,0.026,25.6,25D,3,380,23.75,F65-L-Flat-25D-Steel,13,41
176,Ottawa F65,dense,82,circular,0.0839,12,0,0,0.01,0.01,0,13D,4,150,12.5,F65-D-Circ-13D-Lev1,14,42
177,Ottawa F65,dense,82,circular,0.0839,12,6.6,0.004,0.005,0.007,0.8,13D,4,150,12.5,F65-D-Circ-13D-Lev1,14,42
178,Ottawa F65,dense,82,circular,0.0839,12,7.6,0.005,0.001,0.005,4.8,13D,4,150,12.5,F65-D-Circ-13D-Lev1,14,42
179,Ottawa F65,dense,82,circular,0.0839,12,0,0,0.02,0.02,0,13D,4,150,12.5,F65-D-Circ-13D-Lev1,14,43
180,Ottawa F65,dense,82,circular,0.0839,12,14,0.009,0.008,0.012,1.1,13D,4,150,12.5,F65-D-Circ-13D-Lev1,14,43
181,Ottawa F65,dense,82,circular,0.0839,12,15.3,0.01,0.001,0.01,9.6,13D,4,150,12.5,F65-D-Circ-13D-Lev1,14,43
182,Ottawa F65,dense,82,circular,0.0839,12,0,0,0.04,0.04,0,13D,4,150,12.5,F65-D-Circ-13D-Lev1,14,44
183,Ottawa F65,dense,82,circular,0.0839,12,29.6,0.019,0.01,0.021,1.9,13D,4,150,12.5,F65-D-Circ-13D-Lev1,14,44
184,Ottawa F65,dense,82,circular,0.0839,12,30.3,0.019,0.005,0.02,3.8,13D,4,150,12.5,F65-D-Circ-13D-Lev1,14,44
185,Ottawa F65,dense,82,circular,0.0839,12,30.6,0.019,0.001,0.019,19.2,13D,4,150,12.5,F65-D-Circ-13D-Lev1,14,44
186,Ottawa F65,dense,82,circular,0.0839,12,0,0,0.01,0.01,0,13D,4,150,12.5,F65-D-Circ-13D-Lev2,15,45
187,Ottawa F65,dense,82,circular,0.0839,12,6.6,0.004,0.005,0.007,0.8,13D,4,150,12.5,F65-D-Circ-13D-Lev2,15,45
188,Ottawa F65,dense,82,circular,0.0839,12,7.6,0.005,0.001,0.005,4.8,13D,4,150,12.5,F65-D-Circ-13D-Lev2,15,45
189,Ottawa F65,dense,82,circular,0.0839,12,0,0,0.02,0.02,0,13D,4,150,12.5,F65-D-Circ-13D-Lev2,15,46
190,Ottawa F65,dense,82,circular,0.0839,12,14,0.009,0.008,0.012,1.1,13D,4,150,12.5,F65-D-Circ-13D-Lev2,15,46
191,Ottawa F65,dense,82,circular,0.0839,12,15.3,0.01,0.001,0.01,9.6,13D,4,150,12.5,F65-D-Circ-13D-Lev2,15,46
192,Ottawa F65,dense,82,circular,0.0839,12,0,0,0.04,0.04,0,13D,4,150,12.5,F65-D-Circ-13D-Lev2,15,47
193,Ottawa F65,dense,82,circular,0.0839,12,29.6,0.019,0.01,0.021,1.9,13D,4,150,12.5,F65-D-Circ-13D-Lev2,15,47
194,Ottawa F65,dense,82,circular,0.0839,12,30.3,0.019,0.005,0.02,3.8,13D,4,150,12.5,F65-D-Circ-13D-Lev2,15,47
195,Ottawa F65,dense,82,circular,0.0839,12,30.6,0.019,0.001,0.019,19.2,13D,4,150,12.5,F65-D-Circ-13D-Lev2,15,47
